grade,grade_order,year,gov_students,total_students,gov_share,share_base,pp_change
Foundation,0,2009,188568,270967,69.59,69.59,0.0
Foundation,0,2010,195612,278973,70.12,69.59,0.53
Foundation,0,2011,205508,292476,70.26,69.59,0.67
Foundation,0,2012,215286,305081,70.57,69.59,0.98
Foundation,0,2013,221583,313844,70.6,69.59,1.01
Foundation,0,2014,218158,309089,70.58,69.59,0.99
Foundation,0,2015,221088,312936,70.65,69.59,1.06
Foundation,0,2016,222613,312645,71.2,69.59,1.61
Foundation,0,2017,224658,314998,71.32,69.59,1.73
Foundation,0,2018,230270,322553,71.39,69.59,1.8
Foundation,0,2019,227476,321361,70.79,69.59,1.2
Foundation,0,2020,226877,321268,70.62,69.59,1.03
Foundation,0,2021,222968,319875,69.7,69.59,0.11
Foundation,0,2022,217837,317105,68.7,69.59,-0.89
Foundation,0,2023,213632,311213,68.64,69.59,-0.95
Foundation,0,2024,213495,312964,68.22,69.59,-1.37
Foundation,0,2025,210089,310971,67.56,69.59,-2.03
Year 1,1,2009,184367,264931,69.59,69.59,0.0
Year 1,1,2010,188490,271360,69.46,69.59,-0.13
Year 1,1,2011,191968,275591,69.66,69.59,0.07
Year 1,1,2012,202174,289836,69.75,69.59,0.16
Year 1,1,2013,212019,302362,70.12,69.59,0.53
Year 1,1,2014,217861,310130,70.25,69.59,0.66
Year 1,1,2015,217934,308775,70.58,69.59,0.99
Year 1,1,2016,221309,313216,70.66,69.59,1.07
Year 1,1,2017,222879,312999,71.21,69.59,1.62
Year 1,1,2018,224367,315200,71.18,69.59,1.59
Year 1,1,2019,229881,322052,71.38,69.59,1.79
Year 1,1,2020,227634,320791,70.96,69.59,1.37
Year 1,1,2021,224059,318490,70.35,69.59,0.76
Year 1,1,2022,220824,316768,69.71,69.59,0.12
Year 1,1,2023,218989,317880,68.89,69.59,-0.7
Year 1,1,2024,214235,313354,68.37,69.59,-1.22
Year 1,1,2025,209711,310126,67.62,69.59,-1.97
Year 2,2,2009,170373,246473,69.12,69.12,0.0
Year 2,2,2010,184658,265877,69.45,69.12,0.33
Year 2,2,2011,189066,272707,69.33,69.12,0.21
Year 2,2,2012,193082,277455,69.59,69.12,0.47
Year 2,2,2013,203505,291618,69.78,69.12,0.66
Year 2,2,2014,213380,303974,70.2,69.12,1.08
Year 2,2,2015,218822,310984,70.36,69.12,1.24
Year 2,2,2016,219601,310444,70.74,69.12,1.62
Year 2,2,2017,222769,314996,70.72,69.12,1.6
Year 2,2,2018,223468,314495,71.06,69.12,1.94
Year 2,2,2019,225403,317266,71.05,69.12,1.93
Year 2,2,2020,230856,324318,71.18,69.12,2.06
Year 2,2,2021,225727,320828,70.36,69.12,1.24
Year 2,2,2022,222332,318203,69.87,69.12,0.75
Year 2,2,2023,222308,320463,69.37,69.12,0.25
Year 2,2,2024,220192,321240,68.54,69.12,-0.58
Year 2,2,2025,215416,316361,68.09,69.12,-1.03
Year 3,3,2009,185399,266604,69.54,69.54,0.0
Year 3,3,2010,170032,247889,68.59,69.54,-0.95
Year 3,3,2011,184485,267527,68.96,69.54,-0.58
Year 3,3,2012,189495,274942,68.92,69.54,-0.62
Year 3,3,2013,193495,279605,69.2,69.54,-0.34
Year 3,3,2014,203821,293270,69.5,69.54,-0.04
Year 3,3,2015,213550,305276,69.95,69.54,0.41
Year 3,3,2016,219430,312903,70.13,69.54,0.59
Year 3,3,2017,220158,312154,70.53,69.54,0.99
Year 3,3,2018,222666,316556,70.34,69.54,0.8
Year 3,3,2019,223914,316829,70.67,69.54,1.13
Year 3,3,2020,225804,319702,70.63,69.54,1.09
Year 3,3,2021,228644,324844,70.39,69.54,0.85
Year 3,3,2022,223277,321080,69.54,69.54,0.0
Year 3,3,2023,222665,321892,69.17,69.54,-0.37
Year 3,3,2024,222560,324297,68.63,69.54,-0.91
Year 3,3,2025,220425,324336,67.96,69.54,-1.58
Year 4,4,2009,187852,270403,69.47,69.47,0.0
Year 4,4,2010,185491,268638,69.05,69.47,-0.42
Year 4,4,2011,170718,250482,68.16,69.47,-1.31
Year 4,4,2012,185319,270253,68.57,69.47,-0.9
Year 4,4,2013,190465,277626,68.6,69.47,-0.87
Year 4,4,2014,194286,282001,68.9,69.47,-0.57
Year 4,4,2015,204335,295179,69.22,69.47,-0.25
Year 4,4,2016,214125,307054,69.74,69.47,0.27
Year 4,4,2017,220420,315139,69.94,69.47,0.47
Year 4,4,2018,220421,313961,70.21,69.47,0.74
Year 4,4,2019,223433,318985,70.04,69.47,0.57
Year 4,4,2020,224802,319600,70.34,69.47,0.87
Year 4,4,2021,223665,320225,69.85,69.47,0.38
Year 4,4,2022,226275,325062,69.61,69.47,0.14
Year 4,4,2023,223589,324581,68.89,69.47,-0.58
Year 4,4,2024,223071,325826,68.46,69.47,-1.01
Year 4,4,2025,222491,327409,67.96,69.47,-1.51
Year 5,5,2009,185992,269703,68.96,68.96,0.0
Year 5,5,2010,186609,272728,68.42,68.96,-0.54
Year 5,5,2011,184702,271211,68.1,68.96,-0.86
Year 5,5,2012,169832,252996,67.13,68.96,-1.83
Year 5,5,2013,184374,272891,67.56,68.96,-1.4
Year 5,5,2014,189365,279739,67.69,68.96,-1.27
Year 5,5,2015,193647,284442,68.08,68.96,-0.88
Year 5,5,2016,204014,298015,68.46,68.96,-0.5
Year 5,5,2017,213786,309903,68.98,68.96,0.02
Year 5,5,2018,219690,317940,69.1,68.96,0.14
Year 5,5,2019,219617,317286,69.22,68.96,0.26
Year 5,5,2020,223279,322890,69.15,68.96,0.19
Year 5,5,2021,221985,321777,68.99,68.96,0.03
Year 5,5,2022,220581,322324,68.43,68.96,-0.53
Year 5,5,2023,226322,331120,68.35,68.96,-0.61
Year 5,5,2024,223772,330887,67.63,68.96,-1.33
Year 5,5,2025,223654,332228,67.32,68.96,-1.64
Year 6,6,2009,185292,269430,68.77,68.77,0.0
Year 6,6,2010,185677,271523,68.38,68.77,-0.39
Year 6,6,2011,186465,274691,67.88,68.77,-0.89
Year 6,6,2012,185164,273840,67.62,68.77,-1.15
Year 6,6,2013,169908,254758,66.69,68.77,-2.08
Year 6,6,2014,184918,275038,67.23,68.77,-1.54
Year 6,6,2015,190136,281648,67.51,68.77,-1.26
Year 6,6,2016,193595,285816,67.73,68.77,-1.04
Year 6,6,2017,204401,299771,68.19,68.77,-0.58
Year 6,6,2018,213665,311553,68.58,68.77,-0.19
Year 6,6,2019,219796,319984,68.69,68.77,-0.08
Year 6,6,2020,220760,320173,68.95,68.77,0.18
Year 6,6,2021,222029,324279,68.47,68.77,-0.3
Year 6,6,2022,219855,322021,68.27,68.77,-0.5
Year 6,6,2023,221856,326443,67.96,68.77,-0.81
Year 6,6,2024,227186,334777,67.86,68.77,-0.91
Year 6,6,2025,224754,333861,67.32,68.77,-1.45
Year 7,7,2009,161143,259145,62.18,62.18,0.0
Year 7,7,2010,167429,270562,61.88,62.18,-0.3
Year 7,7,2011,166337,272790,60.98,62.18,-1.2
Year 7,7,2012,167899,277343,60.54,62.18,-1.64
Year 7,7,2013,164579,275812,59.67,62.18,-2.51
Year 7,7,2014,149936,256214,58.52,62.18,-3.66
Year 7,7,2015,161013,275849,58.37,62.18,-3.81
Year 7,7,2016,165850,282251,58.76,62.18,-3.42
Year 7,7,2017,169090,285896,59.14,62.18,-3.04
Year 7,7,2018,178914,299703,59.7,62.18,-2.48
Year 7,7,2019,185853,311198,59.72,62.18,-2.46
Year 7,7,2020,192839,320784,60.11,62.18,-2.07
Year 7,7,2021,188331,318552,59.12,62.18,-3.06
Year 7,7,2022,185199,321140,57.67,62.18,-4.51
Year 7,7,2023,183333,322461,56.85,62.18,-5.33
Year 7,7,2024,183001,326361,56.07,62.18,-6.11
Year 7,7,2025,186663,334227,55.85,62.18,-6.33
Year 8,8,2009,164760,273314,60.28,60.28,0.0
Year 8,8,2010,155189,261445,59.36,60.28,-0.92
Year 8,8,2011,161341,272253,59.26,60.28,-1.02
Year 8,8,2012,161680,275191,58.75,60.28,-1.53
Year 8,8,2013,162853,278830,58.41,60.28,-1.87
Year 8,8,2014,160594,276945,57.99,60.28,-2.29
Year 8,8,2015,148062,257887,57.41,60.28,-2.87
Year 8,8,2016,161719,276409,58.51,60.28,-1.77
Year 8,8,2017,166256,283136,58.72,60.28,-1.56
Year 8,8,2018,169269,286660,59.05,60.28,-1.23
Year 8,8,2019,178972,300547,59.55,60.28,-0.73
Year 8,8,2020,188160,313922,59.94,60.28,-0.34
Year 8,8,2021,190917,320640,59.54,60.28,-0.74
Year 8,8,2022,186720,317643,58.78,60.28,-1.5
Year 8,8,2023,186105,323041,57.61,60.28,-2.67
Year 8,8,2024,184386,324151,56.88,60.28,-3.4
Year 8,8,2025,184815,328315,56.29,60.28,-3.99
Year 9,9,2009,168995,276834,61.05,61.05,0.0
Year 9,9,2010,166373,274650,60.58,61.05,-0.47
Year 9,9,2011,157642,263080,59.92,61.05,-1.13
Year 9,9,2012,164578,275060,59.83,61.05,-1.22
Year 9,9,2013,164309,277141,59.29,61.05,-1.76
Year 9,9,2014,165319,280243,58.99,61.05,-2.06
Year 9,9,2015,163139,278461,58.59,61.05,-2.46
Year 9,9,2016,150154,258890,58.0,61.05,-3.05
Year 9,9,2017,163805,277729,58.98,61.05,-2.07
Year 9,9,2018,168052,284305,59.11,61.05,-1.94
Year 9,9,2019,171198,288047,59.43,61.05,-1.62
Year 9,9,2020,182199,303282,60.08,61.05,-0.97
Year 9,9,2021,186816,312837,59.72,61.05,-1.33
Year 9,9,2022,189813,319426,59.42,61.05,-1.63
Year 9,9,2023,187406,319301,58.69,61.05,-2.36
Year 9,9,2024,186844,324580,57.56,61.05,-3.49
Year 9,9,2025,185759,325995,56.98,61.05,-4.07
Year 10,10,2009,167782,273860,61.27,61.27,0.0
Year 10,10,2010,170770,279123,61.18,61.27,-0.09
Year 10,10,2011,168786,277093,60.91,61.27,-0.36
Year 10,10,2012,160961,266257,60.45,61.27,-0.82
Year 10,10,2013,168075,278624,60.32,61.27,-0.95
Year 10,10,2014,168540,281117,59.95,61.27,-1.32
Year 10,10,2015,169932,284740,59.68,61.27,-1.59
Year 10,10,2016,167976,282639,59.43,61.27,-1.84
Year 10,10,2017,155478,264008,58.89,61.27,-2.38
Year 10,10,2018,167208,281161,59.47,61.27,-1.8
Year 10,10,2019,171585,287986,59.58,61.27,-1.69
Year 10,10,2020,174769,291942,59.86,61.27,-1.41
Year 10,10,2021,180826,302243,59.83,61.27,-1.44
Year 10,10,2022,186114,312454,59.57,61.27,-1.7
Year 10,10,2023,191012,321738,59.37,61.27,-1.9
Year 10,10,2024,189630,323364,58.64,61.27,-2.63
Year 10,10,2025,189613,329360,57.57,61.27,-3.7
Year 11,11,2009,155658,253487,61.41,61.41,0.0
Year 11,11,2010,157705,256692,61.44,61.41,0.03
Year 11,11,2011,162140,262614,61.74,61.41,0.33
Year 11,11,2012,162748,264013,61.64,61.41,0.23
Year 11,11,2013,158018,257676,61.32,61.41,-0.09
Year 11,11,2014,164006,268082,61.18,61.41,-0.23
Year 11,11,2015,164295,270703,60.69,61.41,-0.72
Year 11,11,2016,164911,273393,60.32,61.41,-1.09
Year 11,11,2017,162480,271377,59.87,61.41,-1.54
Year 11,11,2018,149182,251585,59.3,61.41,-2.11
Year 11,11,2019,158322,266258,59.46,61.41,-1.95
Year 11,11,2020,162981,273485,59.59,61.41,-1.82
Year 11,11,2021,160177,271288,59.04,61.41,-2.37
Year 11,11,2022,163146,277286,58.84,61.41,-2.57
Year 11,11,2023,168140,287430,58.5,61.41,-2.91
Year 11,11,2024,175158,299216,58.54,61.41,-2.87
Year 11,11,2025,176185,302527,58.24,61.41,-3.17
Year 12,12,2009,124071,212621,58.35,58.35,0.0
Year 12,12,2010,128826,219296,58.75,58.35,0.4
Year 12,12,2011,132525,224595,59.01,58.35,0.66
Year 12,12,2012,134901,228915,58.93,58.35,0.58
Year 12,12,2013,136968,231790,59.09,58.35,0.74
Year 12,12,2014,134062,227940,58.81,58.35,0.46
Year 12,12,2015,139529,237306,58.8,58.35,0.45
Year 12,12,2016,139895,239432,58.43,58.35,0.08
Year 12,12,2017,141127,243249,58.02,58.35,-0.33
Year 12,12,2018,138510,240190,57.67,58.35,-0.68
Year 12,12,2019,126526,222409,56.89,58.35,-1.46
Year 12,12,2020,135951,236683,57.44,58.35,-0.91
Year 12,12,2021,137844,240894,57.22,58.35,-1.13
Year 12,12,2022,133638,236474,56.51,58.35,-1.84
Year 12,12,2023,137274,243595,56.35,58.35,-2.0
Year 12,12,2024,144305,256148,56.34,58.35,-2.01
Year 12,12,2025,152312,268801,56.66,58.35,-1.69
