band,sector,enrolments_2020,enrolments_2025,pct_change,change,band_order
Under 950,Catholic,13672.0,14502.0,6.1,830,0
Under 950,Government,584590.0,606523.0,3.8,21933,0
Under 950,Independent,11031.0,22935.0,107.9,11904,0
950 to 1000,Catholic,58599.0,69416.0,18.5,10817,1
950 to 1000,Government,687681.0,635269.0,-7.6,-52412,1
950 to 1000,Independent,37008.0,37469.0,1.2,461,1
1000 to 1050,Catholic,285359.0,281021.0,-1.5,-4338,2
1000 to 1050,Government,607643.0,568757.0,-6.4,-38886,2
1000 to 1050,Independent,95710.0,125332.0,30.9,29622,2
Over 1050,Catholic,367736.0,412846.0,12.3,45110,3
Over 1050,Government,788359.0,844665.0,7.1,56306,3
Over 1050,Independent,493618.0,583684.0,18.2,90066,3
