year,sector,enrolments,share,indexed
2008,Catholic,642897.0,18.67,100.0
2009,Catholic,650156.0,18.68,101.1
2010,Catholic,659013.0,18.77,102.5
2011,Catholic,668713.0,18.83,104.0
2012,Catholic,680590.0,18.89,105.9
2013,Catholic,694218.0,18.93,108.0
2014,Catholic,702162.0,18.88,109.2
2015,Catholic,710143.0,18.8,110.5
2016,Catholic,714446.0,18.67,111.1
2017,Catholic,714419.0,18.4,111.1
2018,Catholic,713894.0,18.16,111.0
2019,Catholic,717712.0,18.0,111.6
2020,Catholic,726000.0,17.94,112.9
2021,Catholic,735107.0,18.04,114.3
2022,Catholic,742376.0,18.18,115.5
2023,Catholic,753664.0,18.25,117.2
2024,Catholic,766623.0,18.36,119.2
2025,Catholic,778070.0,18.51,121.0
2008,Government,2279274.0,66.18,100.0
2009,Government,2298755.0,66.03,100.9
2010,Government,2310922.0,65.81,101.4
2011,Government,2331373.0,65.63,102.3
2012,Government,2360965.0,65.53,103.6
2013,Government,2400901.0,65.48,105.3
2014,Government,2437214.0,65.52,106.9
2015,Government,2476003.0,65.54,108.6
2016,Government,2516319.0,65.75,110.4
2017,Government,2560646.0,65.97,112.3
2018,Government,2598694.0,66.09,114.0
2019,Government,2636058.0,66.1,115.7
2020,Government,2671482.0,66.01,117.2
2021,Government,2667399.0,65.47,117.0
2022,Government,2648892.0,64.86,116.2
2023,Government,2656416.0,64.33,116.5
2024,Government,2662203.0,63.75,116.8
2025,Government,2657034.0,63.19,116.6
2008,Independent,521740.0,15.15,100.0
2009,Independent,532479.0,15.3,102.1
2010,Independent,541669.0,15.43,103.8
2011,Independent,551955.0,15.54,105.8
2012,Independent,561473.0,15.58,107.6
2013,Independent,571401.0,15.58,109.5
2014,Independent,580220.0,15.6,111.2
2015,Independent,591449.0,15.66,113.4
2016,Independent,596437.0,15.58,114.3
2017,Independent,606691.0,15.63,116.3
2018,Independent,619550.0,15.76,118.7
2019,Independent,633977.0,15.9,121.5
2020,Independent,649528.0,16.05,124.5
2021,Independent,671523.0,16.48,128.7
2022,Independent,693055.0,16.97,132.8
2023,Independent,719129.0,17.42,137.8
2024,Independent,747273.0,17.89,143.2
2025,Independent,769444.0,18.3,147.5
