sa4_code,sa4_name,state,gov_share_2020,gov_share_2025,change_pp,gov_pct_change,total_pct_change,students_2025,gov_students_2025
101,Capital Region,NSW,74.6,71.19,-3.41,-0.6,4.2,30517.0,21726.0
102,Central Coast,NSW,71.01,65.68,-5.33,-8.6,-1.2,52810.0,34686.0
103,Central West,NSW,67.98,62.03,-5.95,-10.2,-1.6,34548.0,21431.0
104,Coffs Harbour - Grafton,NSW,69.75,65.1,-4.65,-6.5,0.1,22439.0,14608.0
105,Far West and Orana,NSW,72.87,68.28,-4.59,-7.7,-1.5,18608.0,12706.0
106,Hunter Valley exc Newcastle,NSW,69.84,62.63,-7.21,-5.3,5.6,46323.0,29011.0
107,Illawarra,NSW,71.8,68.78,-3.02,-3.9,0.4,47260.0,32507.0
108,Mid North Coast,NSW,67.77,62.28,-5.49,-11.3,-3.5,31603.0,19683.0
109,Murray,NSW,66.03,58.77,-7.26,-5.2,6.5,18573.0,10915.0
110,New England and North West,NSW,70.62,67.13,-3.49,-6.4,-1.5,29783.0,19992.0
111,Newcastle and Lake Macquarie,NSW,70.66,68.12,-2.54,-2.8,0.8,59889.0,40799.0
112,Richmond - Tweed,NSW,61.06,53.0,-8.06,-17.3,-4.8,37514.0,19882.0
113,Riverina,NSW,65.54,61.74,-3.8,-7.6,-2.0,26327.0,16255.0
114,Southern Highlands and Shoalhaven,NSW,70.81,68.31,-2.5,-6.0,-2.5,21553.0,14722.0
115,Sydney - Baulkham Hills and Hawkesbury,NSW,64.38,58.98,-5.4,0.1,9.2,50055.0,29524.0
116,Sydney - Blacktown,NSW,64.75,62.94,-1.81,12.2,15.4,76900.0,48401.0
117,Sydney - City and Inner South,NSW,53.7,53.08,-0.62,3.9,5.1,31628.0,16787.0
118,Sydney - Eastern Suburbs,NSW,43.15,38.79,-4.36,-12.8,-3.0,36951.0,14333.0
119,Sydney - Inner South West,NSW,62.33,57.84,-4.49,-7.8,-0.7,80189.0,46385.0
120,Sydney - Inner West,NSW,57.65,52.01,-5.64,-11.8,-2.2,42679.0,22196.0
121,Sydney - North Sydney and Hornsby,NSW,55.62,51.28,-4.34,-8.0,-0.2,75171.0,38544.0
122,Sydney - Northern Beaches,NSW,67.91,62.82,-5.09,-13.7,-6.7,39053.0,24533.0
123,Sydney - Outer South West,NSW,73.31,70.6,-2.71,1.7,5.6,53103.0,37491.0
124,Sydney - Outer West and Blue Mountains,NSW,69.6,67.49,-2.11,-2.0,1.1,54870.0,37034.0
125,Sydney - Parramatta,NSW,64.7,63.05,-1.65,-2.5,0.0,75732.0,47746.0
126,Sydney - Ryde,NSW,69.33,67.9,-1.43,-1.1,0.9,30844.0,20943.0
127,Sydney - South West,NSW,61.8,58.09,-3.71,1.7,8.2,95387.0,55415.0
128,Sydney - Sutherland,NSW,71.03,68.7,-2.33,-6.0,-2.8,37410.0,25701.0
201,Ballarat,VIC,58.8,56.67,-2.13,0.7,4.5,28337.0,16058.0
202,Bendigo,VIC,65.45,63.34,-2.11,-2.0,1.2,26288.0,16650.0
203,Geelong,VIC,60.62,57.71,-2.91,6.1,11.4,54442.0,31420.0
204,Hume,VIC,60.98,55.91,-5.07,-2.9,5.9,30663.0,17143.0
205,Latrobe - Gippsland,VIC,68.41,65.24,-3.17,-2.4,2.3,46368.0,30250.0
206,Melbourne - Inner,VIC,60.85,60.52,-0.33,6.0,6.6,78819.0,47704.0
207,Melbourne - Inner East,VIC,58.26,58.39,0.13,-4.9,-5.1,64632.0,37739.0
208,Melbourne - Inner South,VIC,55.71,55.02,-0.69,-3.0,-1.8,64334.0,35395.0
209,Melbourne - North East,VIC,67.96,65.62,-2.34,4.0,7.7,85930.0,56389.0
210,Melbourne - North West,VIC,55.72,53.29,-2.43,6.8,11.7,81667.0,43523.0
211,Melbourne - Outer East,VIC,64.91,61.42,-3.49,-4.9,0.5,77539.0,47621.0
212,Melbourne - South East,VIC,69.54,69.95,0.41,11.8,11.2,153574.0,107421.0
213,Melbourne - West,VIC,67.99,67.07,-0.92,15.8,17.3,163303.0,109527.0
214,Mornington Peninsula,VIC,73.17,70.75,-2.42,-5.4,-2.1,46231.0,32709.0
215,North West,VIC,72.94,71.83,-1.11,-3.5,-2.1,23694.0,17020.0
216,Shepparton,VIC,60.07,56.79,-3.28,-6.5,-1.2,22863.0,12984.0
217,Warrnambool and South West,VIC,60.33,57.86,-2.47,-7.4,-3.5,18930.0,10952.0
301,Brisbane - East,QLD,63.04,60.51,-2.53,-4.4,-0.4,35283.0,21348.0
302,Brisbane - North,QLD,56.13,53.98,-2.15,-2.8,1.1,33965.0,18333.0
303,Brisbane - South,QLD,68.63,69.07,0.44,6.3,5.6,70573.0,48745.0
304,Brisbane - West,QLD,70.86,70.56,-0.3,1.1,1.5,38248.0,26988.0
305,Brisbane Inner City,QLD,49.55,48.82,-0.73,5.4,7.0,52604.0,25682.0
306,Cairns,QLD,70.11,64.67,-5.44,-5.9,2.0,48996.0,31684.0
307,Darling Downs - Maranoa,QLD,73.94,69.85,-4.09,-9.8,-4.5,20062.0,14014.0
308,Central Queensland,QLD,68.31,64.64,-3.67,1.3,7.0,48747.0,31508.0
309,Gold Coast,QLD,65.9,61.14,-4.76,-3.9,3.6,103213.0,63104.0
310,Ipswich,QLD,70.74,66.98,-3.76,4.6,10.5,71330.0,47779.0
311,Logan - Beaudesert,QLD,70.9,68.74,-2.16,9.2,12.7,68714.0,47231.0
312,Mackay - Isaac - Whitsunday,QLD,75.39,67.87,-7.52,-5.2,5.2,31284.0,21232.0
313,Moreton Bay - North,QLD,71.5,64.44,-7.06,-4.6,5.8,45263.0,29167.0
314,Moreton Bay - South,QLD,74.37,73.21,-1.16,1.0,2.6,34018.0,24903.0
315,Queensland - Outback,QLD,83.61,81.16,-2.45,-7.2,-4.4,12945.0,10506.0
316,Sunshine Coast,QLD,68.35,64.53,-3.82,-1.5,4.3,64534.0,41644.0
317,Toowoomba,QLD,58.89,54.41,-4.48,-6.9,0.7,30536.0,16616.0
318,Townsville,QLD,59.4,54.93,-4.47,-7.4,0.2,43756.0,24033.0
319,Wide Bay,QLD,72.02,66.67,-5.35,-8.9,-1.6,45705.0,30470.0
401,Adelaide - Central and Hills,SA,59.27,57.97,-1.3,-0.2,2.0,62137.0,36023.0
402,Adelaide - North,SA,63.58,58.53,-5.05,1.7,10.5,76300.0,44657.0
403,Adelaide - South,SA,65.3,60.79,-4.51,-4.1,3.0,58651.0,35655.0
404,Adelaide - West,SA,60.31,54.16,-6.15,-3.4,7.6,33173.0,17965.0
405,Barossa - Yorke - Mid North,SA,73.02,71.32,-1.7,-5.0,-2.8,16231.0,11576.0
406,South Australia - Outback,SA,76.93,74.17,-2.76,1.7,5.5,13461.0,9984.0
407,South Australia - South East,SA,77.66,74.32,-3.34,-5.6,-1.4,27372.0,20344.0
501,Bunbury,WA,71.69,67.08,-4.61,-4.0,2.6,34463.0,23119.0
502,Mandurah,WA,64.33,63.85,-0.48,9.3,10.1,20090.0,12827.0
503,Perth - Inner,WA,54.2,55.31,1.11,11.9,9.6,36741.0,20323.0
504,Perth - North East,WA,69.25,66.69,-2.56,7.6,11.7,47938.0,31971.0
505,Perth - North West,WA,65.41,64.11,-1.3,4.1,6.2,107278.0,68779.0
506,Perth - South East,WA,69.98,67.18,-2.8,8.0,12.6,98051.0,65867.0
507,Perth - South West,WA,73.13,71.2,-1.93,5.5,8.3,83813.0,59679.0
509,Western Australia - Wheat Belt,WA,78.33,76.82,-1.51,-1.4,0.5,21314.0,16374.0
510,Western Australia - Outback (North),WA,85.39,84.22,-1.17,1.3,2.7,18038.0,15192.0
511,Western Australia - Outback (South),WA,72.73,70.22,-2.51,-0.6,2.9,21588.0,15160.0
601,Hobart,TAS,63.77,60.49,-3.28,-3.4,1.8,40228.0,24335.0
602,Launceston and North East,TAS,74.54,72.01,-2.53,-6.4,-3.1,22716.0,16357.0
603,South East,TAS,85.79,87.01,1.22,-5.6,-6.9,3519.0,3062.0
604,West and North West,TAS,76.99,71.19,-5.8,-11.7,-4.6,17641.0,12559.0
701,Darwin,NT,73.42,69.91,-3.51,-3.5,1.4,24567.0,17174.0
702,Northern Territory - Outback,NT,76.34,75.14,-1.2,-8.4,-6.9,15569.0,11699.0
801,Australian Capital Territory,ACT,61.49,59.33,-2.16,1.2,4.9,77842.0,46187.0
